{
  "DELETE" : {
    "transaction" : "DELETE",
    "sampleCount" : 3960689,
    "errorCount" : 0,
    "errorPct" : 0.0,
    "meanResTime" : 36.245779459076424,
    "medianResTime" : 7.0,
    "minResTime" : 2.0,
    "maxResTime" : 29811.0,
    "pct1ResTime" : 8.0,
    "pct2ResTime" : 11.0,
    "pct3ResTime" : 19.0,
    "throughput" : 336.79583119294017,
    "receivedKBytesPerSec" : 57.88678348628659,
    "sentKBytesPerSec" : 73.91072233468114
  },
  "POST" : {
    "transaction" : "POST",
    "sampleCount" : 3960724,
    "errorCount" : 0,
    "errorPct" : 0.0,
    "meanResTime" : 35.27317505587681,
    "medianResTime" : 7.0,
    "minResTime" : 2.0,
    "maxResTime" : 29811.0,
    "pct1ResTime" : 8.0,
    "pct2ResTime" : 12.0,
    "pct3ResTime" : 19.0,
    "throughput" : 336.79714631900816,
    "receivedKBytesPerSec" : 120.94420699578376,
    "sentKBytesPerSec" : 104.26239783508359
  },
  "Total" : {
    "transaction" : "Total",
    "sampleCount" : 15842804,
    "errorCount" : 0,
    "errorPct" : 0.0,
    "meanResTime" : 35.559646575191344,
    "medianResTime" : 7.0,
    "minResTime" : 1.0,
    "maxResTime" : 29812.0,
    "pct1ResTime" : 15.0,
    "pct2ResTime" : 18.0,
    "pct3ResTime" : 25.0,
    "throughput" : 1347.1807621261587,
    "receivedKBytesPerSec" : 1361.0499713649863,
    "sentKBytesPerSec" : 338.16330696415423
  },
  "GET" : {
    "transaction" : "GET",
    "sampleCount" : 3960682,
    "errorCount" : 0,
    "errorPct" : 0.0,
    "meanResTime" : 34.46238753830578,
    "medianResTime" : 6.0,
    "minResTime" : 1.0,
    "maxResTime" : 29809.0,
    "pct1ResTime" : 8.0,
    "pct2ResTime" : 11.0,
    "pct3ResTime" : 17.0,
    "throughput" : 336.7956369005613,
    "receivedKBytesPerSec" : 1093.0934578411645,
    "sentKBytesPerSec" : 43.08616058005227
  },
  "PUT" : {
    "transaction" : "PUT",
    "sampleCount" : 3960709,
    "errorCount" : 0,
    "errorPct" : 0.0,
    "meanResTime" : 36.25724131714105,
    "medianResTime" : 7.0,
    "minResTime" : 1.0,
    "maxResTime" : 29812.0,
    "pct1ResTime" : 8.0,
    "pct2ResTime" : 12.0,
    "pct3ResTime" : 19.0,
    "throughput" : 336.79733140996393,
    "receivedKBytesPerSec" : 89.13288751181662,
    "sentKBytesPerSec" : 116.90516152249106
  }
}