{
  "DELETE" : {
    "transaction" : "DELETE",
    "sampleCount" : 37819,
    "errorCount" : 0,
    "errorPct" : 0.0,
    "meanResTime" : 140.98730796689452,
    "medianResTime" : 42.0,
    "minResTime" : 11.0,
    "maxResTime" : 464.0,
    "pct1ResTime" : 426.0,
    "pct2ResTime" : 430.0,
    "pct3ResTime" : 454.0,
    "throughput" : 343.9967254866291,
    "receivedKBytesPerSec" : 59.12443719301437,
    "sentKBytesPerSec" : 74.81492035428415
  },
  "POST" : {
    "transaction" : "POST",
    "sampleCount" : 37994,
    "errorCount" : 0,
    "errorPct" : 0.0,
    "meanResTime" : 97.3128915091865,
    "medianResTime" : 32.0,
    "minResTime" : 5.0,
    "maxResTime" : 583.0,
    "pct1ResTime" : 331.0,
    "pct2ResTime" : 364.0,
    "pct3ResTime" : 392.0,
    "throughput" : 345.3497673065736,
    "receivedKBytesPerSec" : 123.33697839973276,
    "sentKBytesPerSec" : 106.91003538689826
  },
  "Total" : {
    "transaction" : "Total",
    "sampleCount" : 151490,
    "errorCount" : 0,
    "errorPct" : 0.0,
    "meanResTime" : 119.00870024423921,
    "medianResTime" : 20.0,
    "minResTime" : 4.0,
    "maxResTime" : 584.0,
    "pct1ResTime" : 22.0,
    "pct2ResTime" : 22.0,
    "pct3ResTime" : 25.0,
    "throughput" : 1376.9189518364676,
    "receivedKBytesPerSec" : 3644.1104940335254,
    "sentKBytesPerSec" : 343.8132070383154
  },
  "GET" : {
    "transaction" : "GET",
    "sampleCount" : 37775,
    "errorCount" : 0,
    "errorPct" : 0.0,
    "meanResTime" : 99.52884182660537,
    "medianResTime" : 32.0,
    "minResTime" : 4.0,
    "maxResTime" : 424.0,
    "pct1ResTime" : 345.0,
    "pct2ResTime" : 380.0,
    "pct3ResTime" : 409.0,
    "throughput" : 343.60900887789256,
    "receivedKBytesPerSec" : 3373.133404392669,
    "sentKBytesPerSec" : 43.95779312793352
  },
  "PUT" : {
    "transaction" : "PUT",
    "sampleCount" : 37902,
    "errorCount" : 0,
    "errorPct" : 0.0,
    "meanResTime" : 138.2412801435292,
    "medianResTime" : 41.0,
    "minResTime" : 15.0,
    "maxResTime" : 584.0,
    "pct1ResTime" : 422.0,
    "pct2ResTime" : 426.0,
    "pct3ResTime" : 437.0,
    "throughput" : 344.5417109820284,
    "receivedKBytesPerSec" : 91.18242546497041,
    "sentKBytesPerSec" : 118.23940394134009
  }
}