{
  "DELETE" : {
    "transaction" : "DELETE",
    "sampleCount" : 3687698,
    "errorCount" : 0,
    "errorPct" : 0.0,
    "meanResTime" : 38.46691187835851,
    "medianResTime" : 7.0,
    "minResTime" : 3.0,
    "maxResTime" : 27727.0,
    "pct1ResTime" : 8.0,
    "pct2ResTime" : 14.0,
    "pct3ResTime" : 18.0,
    "throughput" : 313.58053519009525,
    "receivedKBytesPerSec" : 53.896654485797626,
    "sentKBytesPerSec" : 68.8097056173119
  },
  "POST" : {
    "transaction" : "POST",
    "sampleCount" : 3687723,
    "errorCount" : 0,
    "errorPct" : 0.0,
    "meanResTime" : 38.33096059546924,
    "medianResTime" : 7.0,
    "minResTime" : 2.0,
    "maxResTime" : 27728.0,
    "pct1ResTime" : 9.0,
    "pct2ResTime" : 13.0,
    "pct3ResTime" : 20.0,
    "throughput" : 313.58188775510206,
    "receivedKBytesPerSec" : 112.60122369260205,
    "sentKBytesPerSec" : 97.07564298668686
  },
  "Total" : {
    "transaction" : "Total",
    "sampleCount" : 14750820,
    "errorCount" : 0,
    "errorPct" : 0.0,
    "meanResTime" : 38.201813119539786,
    "medianResTime" : 7.0,
    "minResTime" : 1.0,
    "maxResTime" : 27728.0,
    "pct1ResTime" : 8.0,
    "pct2ResTime" : 8.0,
    "pct3ResTime" : 9.0,
    "throughput" : 1254.321001931632,
    "receivedKBytesPerSec" : 1307.1173850585265,
    "sentKBytesPerSec" : 309.721360924654
  },
  "GET" : {
    "transaction" : "GET",
    "sampleCount" : 3687683,
    "errorCount" : 0,
    "errorPct" : 0.0,
    "meanResTime" : 37.493899014640704,
    "medianResTime" : 6.0,
    "minResTime" : 1.0,
    "maxResTime" : 27724.0,
    "pct1ResTime" : 8.0,
    "pct2ResTime" : 11.0,
    "pct3ResTime" : 18.0,
    "throughput" : 313.57963298675327,
    "receivedKBytesPerSec" : 1057.6351524958009,
    "sentKBytesPerSec" : 40.11614445436003
  },
  "PUT" : {
    "transaction" : "PUT",
    "sampleCount" : 3687716,
    "errorCount" : 0,
    "errorPct" : 0.0,
    "meanResTime" : 38.51547570365611,
    "medianResTime" : 7.0,
    "minResTime" : 2.0,
    "maxResTime" : 27727.0,
    "pct1ResTime" : 9.0,
    "pct2ResTime" : 12.0,
    "pct3ResTime" : 19.0,
    "throughput" : 313.5819591453213,
    "receivedKBytesPerSec" : 82.98897551599812,
    "sentKBytesPerSec" : 103.72051007495764
  }
}