{
  "DELETE" : {
    "transaction" : "DELETE",
    "sampleCount" : 6862205,
    "errorCount" : 4796401,
    "errorPct" : 69.89591,
    "meanResTime" : 4.437921921598126,
    "medianResTime" : 0.0,
    "minResTime" : 0.0,
    "maxResTime" : 9609.0,
    "pct1ResTime" : 204.0,
    "pct2ResTime" : 395.0,
    "pct3ResTime" : 420.0,
    "throughput" : 930.285444856883,
    "receivedKBytesPerSec" : 1745.5180195225319,
    "sentKBytesPerSec" : 62.208656896792235
  },
  "POST" : {
    "transaction" : "POST",
    "sampleCount" : 6862229,
    "errorCount" : 4796378,
    "errorPct" : 69.89533,
    "meanResTime" : 4.351868758678779,
    "medianResTime" : 0.0,
    "minResTime" : 0.0,
    "maxResTime" : 13756.0,
    "pct1ResTime" : 204.0,
    "pct2ResTime" : 395.0,
    "pct3ResTime" : 434.900000000016,
    "throughput" : 930.1726861777724,
    "receivedKBytesPerSec" : 1817.7416153153085,
    "sentKBytesPerSec" : 87.50792626533219
  },
  "Total" : {
    "transaction" : "Total",
    "sampleCount" : 27448842,
    "errorCount" : 19185556,
    "errorPct" : 69.89568,
    "meanResTime" : 3.7156792261039526,
    "medianResTime" : 0.0,
    "minResTime" : 0.0,
    "maxResTime" : 13756.0,
    "pct1ResTime" : 200.0,
    "pct2ResTime" : 201.0,
    "pct3ResTime" : 206.0,
    "throughput" : 3720.6807140375618,
    "receivedKBytesPerSec" : 7952.751258263911,
    "sentKBytesPerSec" : 284.2296797700698
  },
  "GET" : {
    "transaction" : "GET",
    "sampleCount" : 6862194,
    "errorCount" : 4796393,
    "errorPct" : 69.89591,
    "meanResTime" : 2.259691725416024,
    "medianResTime" : 0.0,
    "minResTime" : 0.0,
    "maxResTime" : 13284.0,
    "pct1ResTime" : 203.0,
    "pct2ResTime" : 393.0,
    "pct3ResTime" : 410.0,
    "throughput" : 930.3050153708832,
    "receivedKBytesPerSec" : 2644.8040482415927,
    "sentKBytesPerSec" : 36.648457100401096
  },
  "PUT" : {
    "transaction" : "PUT",
    "sampleCount" : 6862214,
    "errorCount" : 4796384,
    "errorPct" : 69.89558,
    "meanResTime" : 3.8132298118361727,
    "medianResTime" : 0.0,
    "minResTime" : 0.0,
    "maxResTime" : 13284.0,
    "pct1ResTime" : 204.0,
    "pct2ResTime" : 397.0,
    "pct3ResTime" : 595.0,
    "throughput" : 930.2836381876167,
    "receivedKBytesPerSec" : 1745.5069392636303,
    "sentKBytesPerSec" : 97.88968609879718
  }
}