{
  "DELETE" : {
    "transaction" : "DELETE",
    "sampleCount" : 1922459,
    "errorCount" : 0,
    "errorPct" : 0.0,
    "meanResTime" : 78.62541047689821,
    "medianResTime" : 48.0,
    "minResTime" : 43.0,
    "maxResTime" : 648.0,
    "pct1ResTime" : 56.0,
    "pct2ResTime" : 64.0,
    "pct3ResTime" : 104.0,
    "throughput" : 163.475294423371,
    "receivedKBytesPerSec" : 48.851015716358916,
    "sentKBytesPerSec" : 35.827596775797716
  },
  "POST" : {
    "transaction" : "POST",
    "sampleCount" : 1922473,
    "errorCount" : 0,
    "errorPct" : 0.0,
    "meanResTime" : 36.58371378947729,
    "medianResTime" : 5.0,
    "minResTime" : 2.0,
    "maxResTime" : 3091.0,
    "pct1ResTime" : 15.0,
    "pct2ResTime" : 25.0,
    "pct3ResTime" : 75.0,
    "throughput" : 163.47638759813717,
    "receivedKBytesPerSec" : 72.86545609545578,
    "sentKBytesPerSec" : 50.60743639512645
  },
  "Total" : {
    "transaction" : "Total",
    "sampleCount" : 7689839,
    "errorCount" : 0,
    "errorPct" : 0.0,
    "meanResTime" : 73.32652088035421,
    "medianResTime" : 44.0,
    "minResTime" : 2.0,
    "maxResTime" : 3091.0,
    "pct1ResTime" : 49.0,
    "pct2ResTime" : 51.0,
    "pct3ResTime" : 53.0,
    "throughput" : 653.8960948405582,
    "receivedKBytesPerSec" : 730.01220511799,
    "sentKBytesPerSec" : 161.37413712833117
  },
  "GET" : {
    "transaction" : "GET",
    "sampleCount" : 1922438,
    "errorCount" : 0,
    "errorPct" : 0.0,
    "meanResTime" : 72.76541402115053,
    "medianResTime" : 48.0,
    "minResTime" : 15.0,
    "maxResTime" : 444.0,
    "pct1ResTime" : 52.0,
    "pct2ResTime" : 52.0,
    "pct3ResTime" : 60.0,
    "throughput" : 163.47384232126907,
    "receivedKBytesPerSec" : 532.7234293431841,
    "sentKBytesPerSec" : 20.913157562584228
  },
  "PUT" : {
    "transaction" : "PUT",
    "sampleCount" : 1922469,
    "errorCount" : 0,
    "errorPct" : 0.0,
    "meanResTime" : 105.33164019809465,
    "medianResTime" : 49.0,
    "minResTime" : 43.0,
    "maxResTime" : 646.0,
    "pct1ResTime" : 56.0,
    "pct2ResTime" : 65.0,
    "pct3ResTime" : 103.0,
    "throughput" : 163.4754219136958,
    "receivedKBytesPerSec" : 75.5789729082313,
    "sentKBytesPerSec" : 54.027037402031155
  }
}