{
  "DELETE" : {
    "transaction" : "DELETE",
    "sampleCount" : 36095,
    "errorCount" : 0,
    "errorPct" : 0.0,
    "meanResTime" : 147.44241584707171,
    "medianResTime" : 42.0,
    "minResTime" : 16.0,
    "maxResTime" : 568.0,
    "pct1ResTime" : 431.0,
    "pct2ResTime" : 434.0,
    "pct3ResTime" : 559.0,
    "throughput" : 328.32440397682313,
    "receivedKBytesPerSec" : 56.43075693351647,
    "sentKBytesPerSec" : 71.40189345659333
  },
  "POST" : {
    "transaction" : "POST",
    "sampleCount" : 36675,
    "errorCount" : 0,
    "errorPct" : 0.0,
    "meanResTime" : 102.84305385139682,
    "medianResTime" : 46.0,
    "minResTime" : 4.0,
    "maxResTime" : 520.0,
    "pct1ResTime" : 344.0,
    "pct2ResTime" : 375.0,
    "pct3ResTime" : 434.0,
    "throughput" : 333.3878753170253,
    "receivedKBytesPerSec" : 119.06152847091548,
    "sentKBytesPerSec" : 103.20698874560254
  },
  "Total" : {
    "transaction" : "Total",
    "sampleCount" : 145290,
    "errorCount" : 0,
    "errorPct" : 0.0,
    "meanResTime" : 124.55324523366971,
    "medianResTime" : 21.0,
    "minResTime" : 4.0,
    "maxResTime" : 568.0,
    "pct1ResTime" : 25.0,
    "pct2ResTime" : 26.0,
    "pct3ResTime" : 33.9900000000016,
    "throughput" : 1320.5900798952907,
    "receivedKBytesPerSec" : 8248.227126181046,
    "sentKBytesPerSec" : 330.20349397035966
  },
  "GET" : {
    "transaction" : "GET",
    "sampleCount" : 36056,
    "errorCount" : 0,
    "errorPct" : 0.0,
    "meanResTime" : 101.77670845351705,
    "medianResTime" : 46.0,
    "minResTime" : 6.0,
    "maxResTime" : 424.0,
    "pct1ResTime" : 353.0,
    "pct2ResTime" : 382.0,
    "pct3ResTime" : 406.0,
    "throughput" : 327.97263862610976,
    "receivedKBytesPerSec" : 7991.105096445318,
    "sentKBytesPerSec" : 41.957437167988644
  },
  "PUT" : {
    "transaction" : "PUT",
    "sampleCount" : 36464,
    "errorCount" : 0,
    "errorPct" : 0.0,
    "meanResTime" : 146.25320864414286,
    "medianResTime" : 41.0,
    "minResTime" : 9.0,
    "maxResTime" : 568.0,
    "pct1ResTime" : 426.0,
    "pct2ResTime" : 431.0,
    "pct3ResTime" : 523.0,
    "throughput" : 331.4457119483707,
    "receivedKBytesPerSec" : 87.71658978321138,
    "sentKBytesPerSec" : 113.73743779257374
  }
}