{
  "DELETE" : {
    "transaction" : "DELETE",
    "sampleCount" : 36382,
    "errorCount" : 0,
    "errorPct" : 0.0,
    "meanResTime" : 146.4265570886701,
    "medianResTime" : 41.0,
    "minResTime" : 16.0,
    "maxResTime" : 582.0,
    "pct1ResTime" : 431.0,
    "pct2ResTime" : 438.0,
    "pct3ResTime" : 453.0,
    "throughput" : 330.8567427225521,
    "receivedKBytesPerSec" : 56.86600265543865,
    "sentKBytesPerSec" : 71.95317970590108
  },
  "POST" : {
    "transaction" : "POST",
    "sampleCount" : 36900,
    "errorCount" : 0,
    "errorPct" : 0.0,
    "meanResTime" : 101.20425474254911,
    "medianResTime" : 43.0,
    "minResTime" : 7.0,
    "maxResTime" : 554.0,
    "pct1ResTime" : 341.0,
    "pct2ResTime" : 374.0,
    "pct3ResTime" : 455.9900000000016,
    "throughput" : 335.5491092944375,
    "receivedKBytesPerSec" : 119.83396670311635,
    "sentKBytesPerSec" : 103.87604262337568
  },
  "Total" : {
    "transaction" : "Total",
    "sampleCount" : 146424,
    "errorCount" : 0,
    "errorPct" : 0.0,
    "meanResTime" : 123.65387504780833,
    "medianResTime" : 20.0,
    "minResTime" : 6.0,
    "maxResTime" : 582.0,
    "pct1ResTime" : 24.0,
    "pct2ResTime" : 25.0,
    "pct3ResTime" : 29.0,
    "throughput" : 1330.885293582985,
    "receivedKBytesPerSec" : 7901.662330925627,
    "sentKBytesPerSec" : 332.90923312238687
  },
  "GET" : {
    "transaction" : "GET",
    "sampleCount" : 36278,
    "errorCount" : 0,
    "errorPct" : 0.0,
    "meanResTime" : 99.93646287005889,
    "medianResTime" : 44.0,
    "minResTime" : 6.0,
    "maxResTime" : 579.0,
    "pct1ResTime" : 348.0,
    "pct2ResTime" : 384.9500000000007,
    "pct3ResTime" : 482.0,
    "throughput" : 329.94697638038764,
    "receivedKBytesPerSec" : 7641.164808997304,
    "sentKBytesPerSec" : 42.210013579912875
  },
  "PUT" : {
    "transaction" : "PUT",
    "sampleCount" : 36864,
    "errorCount" : 0,
    "errorPct" : 0.0,
    "meanResTime" : 146.99088541666669,
    "medianResTime" : 41.0,
    "minResTime" : 15.0,
    "maxResTime" : 563.0,
    "pct1ResTime" : 427.0,
    "pct2ResTime" : 433.0,
    "pct3ResTime" : 550.9900000000016,
    "throughput" : 335.2308895476784,
    "receivedKBytesPerSec" : 88.71833112052816,
    "sentKBytesPerSec" : 115.03836270983759
  }
}